metric,mean,std,min,max,threshold,passed
faithfulness,0.8813272591719128,0.03748991209386183,0.8239025816481057,0.9420262714228727,0.85,True
answer_relevancy,0.8403479763950747,0.03633639959601861,0.7860443531935475,0.8943906227360073,0.8,True
context_recall,0.8224171600510694,0.045190954725389317,0.7530340186456366,0.8940462195226371,0.8,True
context_precision,0.875767723031884,0.03925386962106903,0.8148488199970745,0.9354872605513211,0.85,True
answer_similarity,0.779017643186553,0.050540132362108116,0.7020084297197328,0.8758705788022519,0.75,True
